"list","n_deaths","sens_est","sens_lci","sens_uci"
"all lists",3388,0.0553258696147395,0.016210511580903,0.152198258449056
"private survey",1103,0.0179903361182277,0.0052842277797795,0.0495237316124346
"public survey",485,0.00794164755428816,0.00231776140744007,0.0217531707298617
"social media",1801,0.02941395196012,0.0086089766537793,0.0809276305956309
