"list","n_deaths","sens_est","sens_lci","sens_uci"
"all lists",3187.5,0.0542272386177588,0.014561600638209,0.172473266665721
"private survey",1074,0.0182374083160604,0.00489745622402008,0.0580036235665723
"public survey",473.5,0.00815873611834175,0.00219029853993959,0.0259545568767218
"social media",1638,0.0278310941833566,0.00747384587424934,0.0885150862224272
