"list","n_deaths","sens_est","sens_lci","sens_uci"
"all lists",3107,0.0933992193718346,0.0339422511345615,0.223267504512614
"private survey",1064.5,0.0318190330140894,0.0115633136252134,0.0767792954708843
"public survey",462,0.0140391422630726,0.00510202589581006,0.0331062542226502
"social media",1575,0.0475410440946726,0.0172769116135381,0.11338195481908
