"list","n_deaths","sens_est","sens_lci","sens_uci"
"all lists",3079.5,0.084200376839062,0.0293146314283788,0.21297933489656
"private survey",1065,0.029085710096853,0.0101257283089524,0.0733352221047557
"public survey",461,0.0126797990420223,0.00441361225081545,0.031974298660671
"social media",1552.5,0.0424348677001868,0.014775290868611,0.108019766768836
