"list","n_deaths","sens_est","sens_lci","sens_uci"
"all lists",3097,0.091370669811225,0.0335137976615745,0.221737007468452
"private survey",1057.5,0.0310269810107682,0.0113802541939105,0.076044843315428
"public survey",467,0.0138242076645681,0.00507166326754471,0.0334079345913507
"social media",1570.5,0.0459599366265136,0.0169876861186023,0.111694463044038
