"list","n_deaths","sens_est","sens_lci","sens_uci"
"all lists",3076,0.084972191215638,0.0295669087073536,0.215053377098769
"private survey",1062,0.0291007880791695,0.0101257994399161,0.0736504917457629
"public survey",462.5,0.0127233987621857,0.00442748447461523,0.0322006503121162
"social media",1552,0.0431480043742828,0.0150136247928223,0.109202235040889
