"list","n_deaths","sens_est","sens_lci","sens_uci"
"all lists",1609.5,0.112453867705664,0.0380619697578276,0.236120132473893
"private survey",457,0.0314951943385993,0.0108145609011051,0.0665059184568172
"public survey",258.5,0.0179007788868261,0.00612353508575972,0.0375539378127032
"social media",898.5,0.0630578944802383,0.0211238737709629,0.132060276204372
