"list","n_deaths","sens_est","sens_lci","sens_uci"
"all lists",1633,0.102206645062754,0.0319078649179822,0.224428994032851
"private survey",452.5,0.0282401845959714,0.0089078157814446,0.0628441209625423
"public survey",255,0.0157173523920146,0.00499831012837729,0.0352748265300525
"social media",921.5,0.0577259953463245,0.0180017390081603,0.126310046540257
