"list","n_deaths","sens_est","sens_lci","sens_uci"
"all lists",1701.5,0.097665761174389,0.0412353880239316,0.19321301762933
"private survey",466,0.026546989998187,0.0111902725434023,0.0526234982040378
"public survey",266,0.0154197874218034,0.00650163899300798,0.0304401365686907
"social media",969.5,0.0556989837543986,0.0235434764875213,0.110055065851947
