"list","n_deaths","sens_est","sens_lci","sens_uci"
"all lists",1638,0.117360347416229,0.0420497264704969,0.247277953671545
"private survey",456,0.033263037353335,0.0119587025205249,0.0685466674735115
"public survey",256.5,0.0186597524848753,0.00668570694614021,0.0383656205278584
"social media",926,0.0653239650716421,0.0234053170038318,0.14052472985363
