"list","n_deaths","sens_est","sens_lci","sens_uci"
"all lists",1611.5,0.0973845531509508,0.0326876938506683,0.227253478523896
"private survey",456.5,0.027676630931214,0.00922427836265175,0.0642291146374631
"public survey",254.5,0.0156680563091284,0.00522784358307584,0.035959353881314
"social media",901,0.0540398659106084,0.0182355719049407,0.127065010005119
