"list","n_deaths","sens_est","sens_lci","sens_uci"
"all lists",1619.5,0.101772882348811,0.0365600946040127,0.234189058331917
"private survey",456,0.0286639124070897,0.0103053244316091,0.0662962838449569
"public survey",255.5,0.0161627631911731,0.00568979718909689,0.03716207587035
"social media",907.5,0.0564730499193331,0.0203901034330907,0.130333056227987
