"expert","cal","inf","score","wt"
"expert1",1,0.118339483394833,0.118339483394833,0.144021973275273
"expert3",1,0.120088611090192,0.120088611090192,0.146150703391117
"expert4",1,0.120088611090192,0.120088611090192,0.146150703391117
"expert5",0.949,0.10181439365414,0.0966218595777792,0.117591107200369
"expert6",0.74,0.0205740894143635,0.015224826166629,0.018528976503768
"expert7",1,0.128421567889148,0.128421567889148,0.15629211052739
"expert8",0.9,0.0739583804001304,0.0665625423601173,0.0810082013366435
"expert9",0.972,0.160832391997389,0.156329085021462,0.190256224374323
