"expert","cal","inf","score","wt"
"expert 7",1.73753696021146e-06,1.28393443284612,2.23088353155827e-06,0.0281980649467501
"expert1",1.16343534784068e-06,1.29356764342452,1.50498232118306e-06,0.0190227722048708
"expert3",3.26117155972447e-07,1.21118580011491,3.94988468487688e-07,0.00499260061319893
"expert4",3.26117155972447e-07,1.21118580011491,3.94988468487688e-07,0.00499260061319893
"expert5",5.88128028743761e-05,1.09227981853755,6.42400376513081e-05,0.811985353896073
"expert6",3.3564260918713e-14,0.434266118270191,1.45758213017774e-14,1.84236402261956e-10
"expert8",6.74024071442134e-06,1.53537329914431,1.03487856227279e-05,0.130807245193049
"expert9",6.96896118025295e-11,1.54659927700005,1.07781903228206e-10,1.36234862300965e-06
